Workbook

Sheet Perguntas
A1: Jogo vocacional SP Skills 2028 · Perguntas e respostas
A2: Edite as células amarelas: texto da pergunta, texto da resposta e a modalidade (lista suspensa). Código e Verificação são automáticos; a Verificação avisa se uma modalidade se repete na mesma pergunta.
A4: Nº | B4: Pergunta | C4: Resposta | D4: Modalidade | E4: Código | F4: Verificação
A5: 1 | B5: Num trabalho em grupo da escola, você costuma… | C5: Inventar a história e os personagens do trabalho | D5: 3D Game Art | E5: =IFERROR(INDEX(Modalidades!$B$5:$B$12,MATCH(D5,Modalidades!$A$5:$A$12,0)),"?") -> #50 | F5: =IF(COUNTIFS($A$5:$A$100,A5,$D$5:$D$100,D5)>1,"Repetida","OK") -> OK
A6: 1 | B6: Num trabalho em grupo da escola, você costuma… | C6: Pensar em como explicar para quem não sabe nada do assunto | D6: Desenvolvimento de Aplicativos Móveis | E6: =IFERROR(INDEX(Modalidades!$B$5:$B$12,MATCH(D6,Modalidades!$A$5:$A$12,0)),"?") -> #08 | F6: =IF(COUNTIFS($A$5:$A$100,A6,$D$5:$D$100,D6)>1,"Repetida","OK") -> OK
A7: 1 | B7: Num trabalho em grupo da escola, você costuma… | C7: Juntar tudo num lugar só, bem organizado, onde todo mundo acessa | D7: Tech Web | E7: =IFERROR(INDEX(Modalidades!$B$5:$B$12,MATCH(D7,Modalidades!$A$5:$A$12,0)),"?") -> #17 | F7: =IF(COUNTIFS($A$5:$A$100,A7,$D$5:$D$100,D7)>1,"Repetida","OK") -> OK
A8: 1 | B8: Num trabalho em grupo da escola, você costuma… | C8: Montar o cronograma: quem faz o quê e quando | D8: Controle Industrial | E8: =IFERROR(INDEX(Modalidades!$B$5:$B$12,MATCH(D8,Modalidades!$A$5:$A$12,0)),"?") -> #19 | F8: =IF(COUNTIFS($A$5:$A$100,A8,$D$5:$D$100,D8)>1,"Repetida","OK") -> OK
A9: 1 | B9: Num trabalho em grupo da escola, você costuma… | C9: Revisar tudo para ter certeza de que está certo | D9: Instalações Elétricas | E9: =IFERROR(INDEX(Modalidades!$B$5:$B$12,MATCH(D9,Modalidades!$A$5:$A$12,0)),"?") -> #18 | F9: =IF(COUNTIFS($A$5:$A$100,A9,$D$5:$D$100,D9)>1,"Repetida","OK") -> OK
A10: 1 | B10: Num trabalho em grupo da escola, você costuma… | C10: Ficar com a parte que precisa construir alguma coisa | D10: Mecatrônica | E10: =IFERROR(INDEX(Modalidades!$B$5:$B$12,MATCH(D10,Modalidades!$A$5:$A$12,0)),"?") -> #04 | F10: =IF(COUNTIFS($A$5:$A$100,A10,$D$5:$D$100,D10)>1,"Repetida","OK") -> OK
A11: 1 | B11: Num trabalho em grupo da escola, você costuma… | C11: Juntar a parte de cada um e ver se tudo se encaixa | D11: Indústria 4.0 | E11: =IFERROR(INDEX(Modalidades!$B$5:$B$12,MATCH(D11,Modalidades!$A$5:$A$12,0)),"?") -> #48 | F11: =IF(COUNTIFS($A$5:$A$100,A11,$D$5:$D$100,D11)>1,"Repetida","OK") -> OK
A12: 1 | B12: Num trabalho em grupo da escola, você costuma… | C12: Rabiscar como a ideia ficaria se fosse algo de verdade | D12: Design de Produtos | E12: =IFERROR(INDEX(Modalidades!$B$5:$B$12,MATCH(D12,Modalidades!$A$5:$A$12,0)),"?") -> #59 | F12: =IF(COUNTIFS($A$5:$A$100,A12,$D$5:$D$100,D12)>1,"Repetida","OK") -> OK
A13: 2 | B13: No celular, o que você mais faz? | C13: Jogo coisas com mundos grandes para explorar | D13: 3D Game Art | E13: =IFERROR(INDEX(Modalidades!$B$5:$B$12,MATCH(D13,Modalidades!$A$5:$A$12,0)),"?") -> #50 | F13: =IF(COUNTIFS($A$5:$A$100,A13,$D$5:$D$100,D13)>1,"Repetida","OK") -> OK
A14: 2 | B14: No celular, o que você mais faz? | C14: Reparo quando um botão está no lugar errado | D14: Desenvolvimento de Aplicativos Móveis | E14: =IFERROR(INDEX(Modalidades!$B$5:$B$12,MATCH(D14,Modalidades!$A$5:$A$12,0)),"?") -> #08 | F14: =IF(COUNTIFS($A$5:$A$100,A14,$D$5:$D$100,D14)>1,"Repetida","OK") -> OK
A15: 2 | B15: No celular, o que você mais faz? | C15: Fico pulando de link em link, pesquisando | D15: Tech Web | E15: =IFERROR(INDEX(Modalidades!$B$5:$B$12,MATCH(D15,Modalidades!$A$5:$A$12,0)),"?") -> #17 | F15: =IF(COUNTIFS($A$5:$A$100,A15,$D$5:$D$100,D15)>1,"Repetida","OK") -> OK
A16: 2 | B16: No celular, o que você mais faz? | C16: Deixo tudo programado para acontecer no horário certo | D16: Controle Industrial | E16: =IFERROR(INDEX(Modalidades!$B$5:$B$12,MATCH(D16,Modalidades!$A$5:$A$12,0)),"?") -> #19 | F16: =IF(COUNTIFS($A$5:$A$100,A16,$D$5:$D$100,D16)>1,"Repetida","OK") -> OK
... A100: 12 | B100: Se a escola criasse uma matéria nova, qual você escolheria? | C100: Invenções e criação de objetos | D100: Design de Produtos | E100: =IFERROR(INDEX(Modalidades!$B$5:$B$12,MATCH(D100,Modalidades!$A$5:$A$12,0)),"?") -> #59 | F100: =IF(COUNTIFS($A$5:$A$100,A100,$D$5:$D$100,D100)>1,"Repetida","OK") -> OK

Sheet Modalidades
A1: Modalidades da seletiva
A2: A coluna Nome alimenta a lista suspensa da aba Perguntas. A idade vem do formulário de inscrição; Design de Produtos não consta nele.
A4: Nome | B4: Código | C4: Idade máxima | D4: Chave no código
A5: 3D Game Art | B5: #50 | C5: até 20 anos em 2028 | D5: game
A6: Desenvolvimento de Aplicativos Móveis | B6: #08 | C6: até 20 anos em 2028 | D6: app
A7: Tech Web | B7: #17 | C7: até 20 anos em 2028 | D7: web
A8: Controle Industrial | B8: #19 | C8: até 20 anos em 2028 | D8: ctrl
A9: Instalações Elétricas | B9: #18 | C9: até 20 anos em 2028 | D9: elet
A10: Mecatrônica | B10: #04 | C10: até 22 anos em 2028 | D10: mec
A11: Indústria 4.0 | B11: #48 | C11: até 22 anos em 2028 | D11: i40
A12: Design de Produtos | B12: #59 | C12: confirme com a coordenação | D12: prod
